City_ID,City,Country,Max Temp,Current Description,Lat,Lng,Hotel Name
5,Namatanai,PG,78.66,moderate rain,-3.6667,152.4333,Seagulls Inn Namatani
6,Angoche,MZ,77.67,broken clouds,-16.2325,39.9086,Guest House HESADA
9,Acapulco,MX,81.81,broken clouds,16.8634,-99.8901,HS Hotsson Smart Acapulco
10,Port Blair,IN,81.07,few clouds,11.6667,92.75,"Welcomhotel By ITC Hotels, Bay Island, Port Blair"
12,Rikitea,PF,76.26,light rain,-23.1203,-134.9692,People ThankYou
15,Puerto Ayora,EC,75.16,overcast clouds,-0.7393,-90.3518,Finch Bay Galapagos Hotel
19,Balabac,PH,81.27,overcast clouds,7.9868,117.0645,Sing and Swing Lodge
20,Tshikapa,CD,77.52,broken clouds,-6.4167,20.8,H√¥tel Tshia-Muntu de Tshikapa
25,Bambous Virieux,MU,78.19,few clouds,-20.3428,57.7575,Casa Tia Villa
27,Howard Springs,AU,76.91,broken clouds,-12.497,131.047,buffalo beach hostel
28,Vaini,TO,78.96,broken clouds,-21.2,-175.2,Keleti Beach Resort
31,Mbuyapey,PY,87.69,clear sky,-26.2,-56.75,Caba√±a AM
34,Vao,NC,75.38,overcast clouds,-22.6667,167.4833,Hotel Kou-Bugny
43,Bage,BR,76.78,overcast clouds,-31.3314,-54.1069,Hotel Obino - Bag√©
44,Sorong,ID,80.67,light rain,-0.8833,131.25,Waigo Splash Hotel
60,Isangel,VU,77.11,broken clouds,-19.55,169.2667,Tanna Lodge
65,Carnarvon,AU,78.87,clear sky,-24.8667,113.6333,Hospitality Carnarvon
66,Sechura,PE,75.52,scattered clouds,-5.5569,-80.8222,Hospedaje Costa Bella
71,Atuona,PF,77.63,few clouds,-9.8,-139.0333,Villa Enata
73,Weligama,LK,76.82,overcast clouds,5.9667,80.4167,Weligama Bay Resort
77,Vila Velha,BR,76.95,light rain,-20.3297,-40.2925,Quality Suites Vila Velha
81,Natal,BR,88.45,broken clouds,-5.795,-35.2094,Villa Park Hotel | Natal
89,Lakatoro,VU,79.61,scattered clouds,-16.0999,167.4164,Lakatoro Palm Lodge
90,Charters Towers,AU,75.83,broken clouds,-20.1,146.2667,Cattleman's Rest Motor Inn
94,Saint-Pierre,RE,78.44,light rain,-21.3393,55.4781,Lindsey H√¥tel
95,Saint-Philippe,RE,78.35,light rain,-21.3585,55.7679,"Chambres d'h√¥te ""La Trinit√©"""
98,Katsina,NG,89.71,few clouds,12.9894,7.6006,Katsina Motel
99,Arraial Do Cabo,BR,87.66,few clouds,-22.9661,-42.0278,Pousada Porto Praia
101,Castro,BR,78.19,clear sky,-24.7911,-50.0119,CHACARA BAILLY
106,Mogadishu,SO,80.56,light rain,2.0371,45.3438,Hotel Juba
109,Kavaratti,IN,82.63,overcast clouds,10.5669,72.642,Hotels in Lakshadweep Islands
110,Carutapera,BR,87.46,few clouds,-1.195,-46.02,Lidera
112,Alyangula,AU,81.79,scattered clouds,-13.8483,136.4192,Groote Eylandt Lodge
115,Gigmoto,PH,79.7,overcast clouds,13.7796,124.39,Cj's Travellers Inn
116,Meulaboh,ID,77.4,overcast clouds,4.1363,96.1285,Kost Pria
119,Miguel Pereira,BR,84.13,light rain,-22.4539,-43.4689,Quarto dos Sonhos
120,Alofi,NU,79.97,overcast clouds,-19.0595,-169.9187,Taloa Heights
122,Galesong,ID,77.02,overcast clouds,-5.3166,119.3661,Sapriadi Appy
123,Sao Filipe,CV,79.45,scattered clouds,14.8961,-24.4956,Hotel Xaguate
124,Gizo,SB,81.95,light rain,-8.103,156.8419,Imagination Island
126,Awbari,LY,78.04,overcast clouds,26.5921,12.7805,ŸÅŸÜÿØŸÇ ÿ£Ÿàÿ®ÿßÿ±Ÿä
131,Waingapu,ID,81.03,overcast clouds,-9.6567,120.2641,Pondok Wisata Elim
135,Bengkulu,ID,76.59,overcast clouds,-3.8004,102.2655,Grage Hotel Bengkulu
138,Mecca,SA,81.39,clear sky,21.4267,39.8261,"Makkah Clock Royal Tower, A Fairmont Hotel"
159,Idenao,CM,81.09,light rain,4.2475,9.0047,Moland Beach Resort
169,Sehithwa,BW,89.98,overcast clouds,-20.4667,22.7167,MONLEK GUEST HOUSE
177,Mahebourg,MU,78.42,scattered clouds,-20.4081,57.7,Shandrani Beachcomber Resort & Spa
179,Touros,BR,88.7,broken clouds,-5.1989,-35.4608,INN NEW HORIZON
184,Samana,DO,82.62,scattered clouds,19.2056,-69.3369,The Bannister - Hotel & Yacht Club
188,Abaete,BR,78.66,broken clouds,-19.16,-45.4458,Hotel Millenium
192,Mount Isa,AU,76.77,clear sky,-20.7333,139.5,ibis Styles Mt Isa Verona
193,Bandarbeyla,SO,79.77,broken clouds,9.4942,50.8122,JABIR HOTEL
195,Hambantota,LK,79.14,scattered clouds,6.1241,81.1185,Bungalow 63
198,Butaritari,KI,81.52,light rain,3.0707,172.7902,Isles Sunset Lodge
209,Cockburn Town,TC,76.64,overcast clouds,21.4612,-71.1419,Osprey Beach Hotel
211,Kirakira,SB,78.96,overcast clouds,-10.4544,161.9205,SanBiz Lodge
212,La Ceiba,HN,81.95,overcast clouds,15.7597,-86.7822,Hotel Art Deco Beach
213,Hithadhoo,MV,82.78,overcast clouds,-0.6,73.0833,Scoop Guest House
217,Souillac,MU,79.18,broken clouds,-20.5167,57.5167,Shanti Maurice Resort & Spa
227,Port-Gentil,GA,80.83,light rain,-0.7193,8.7815,Fengshui Residence
228,Diffa,NE,88.23,clear sky,13.3154,12.6113,ProDAF/Diffa
236,Eydhafushi,MV,81.23,overcast clouds,5.1033,73.0708,Soneva Fushi
240,Balikpapan,ID,76.32,light rain,-1.2675,116.8289,ibis Balikpapan
243,Georgetown,MY,78.73,few clouds,5.4112,100.3354,Cititel Penang
244,Loiza,PR,84.2,scattered clouds,18.4313,-65.8802,Malibu Beachfront
255,Yanam,IN,78.6,overcast clouds,16.7333,82.2167,The Regency Hotel
262,Takoradi,GH,83.77,broken clouds,4.8845,-1.7554,Raybow International Hotel
263,Faanui,PF,81.01,few clouds,-16.4833,-151.75,Bora-Bora Pearl Beach Resort & Spa
267,Buala,SB,79.47,light rain,-8.145,159.5921,Maringe Lagoon Lodge
283,Tigre,AR,78.94,clear sky,-34.426,-58.5796,Puerto Delta Apartamentos
286,Guatire,VE,75.7,broken clouds,10.4762,-66.5427,Parque Residencial Canaima I
287,Mackay,AU,78.33,broken clouds,-21.15,149.2,International Lodge Motel
291,San Juan,AR,84.61,clear sky,-31.5375,-68.5364,Hotel Provincial
295,Coahuayana,MX,81.88,scattered clouds,18.7333,-103.6833,El rranchito michuacan de ocampos
299,Sibolga,ID,76.57,overcast clouds,1.7427,98.7792,Hotel Syariah CN Darussalam
308,Sal Rei,CV,80.8,broken clouds,16.1833,-22.9167,Marine Club Beach Resort
310,Aswan,EG,80.83,clear sky,24.0934,32.907,Nuba Nile
316,Mayumba,GA,76.78,overcast clouds,-3.432,10.6554,LIKWALE LODGE
322,San Juan De Uraba,CO,84.34,scattered clouds,8.7592,-76.5297,Hotel Cerro De Zumba
323,Miandrivazo,MG,82.18,clear sky,-19.5167,45.4667,H√¥tel Arc En Ciel Miandrivazo
325,Avarua,CK,78.85,light rain,-21.2078,-159.775,Paradise Inn
330,Padang,ID,77.05,overcast clouds,-0.9492,100.3543,Mercure Padang
332,Adiake,CI,85.59,broken clouds,5.2863,-3.304,Monhotel r√©sidence Inn Adiake
343,Atambua,ID,76.14,light rain,-9.1061,124.8925,Pastori 1 Jemaat Polycarpus
344,Isla Mujeres,MX,78.85,broken clouds,21.2311,-86.731,Hotel La Joya Isla Mujeres
346,Cotonou,BJ,84.56,scattered clouds,6.3654,2.4183,Novotel Cotonou Orisha
348,Sambava,MG,78.39,broken clouds,-14.2667,50.1667,Melrose
351,Buchanan,LR,89.56,broken clouds,5.8808,-10.0467,Kamaneahn Hotel Inc
352,Berbera,SO,82.17,clear sky,10.4396,45.0143,IBCO REAL ESTATE PROPERTY
357,Tecoanapa,MX,81.88,few clouds,16.5167,-98.75,Hotel Manglares
361,Samarai,PG,81.32,overcast clouds,-10.6167,150.6667,Nuli Sapi
363,Saint-Joseph,RE,77.36,light rain,-21.3667,55.6167,"""Plantation Bed and Breakfast"
364,Sao Jose Da Coroa Grande,BR,84.9,broken clouds,-8.8978,-35.1478,Cr√¥a Mares Hotel
365,Caravelas,BR,86.59,heavy intensity rain,-17.7125,-39.2481,Pousada dos Navegantes
367,Rocha,UY,79.52,few clouds,-34.4833,-54.3333,Hotel Arrarte
375,Bucerias,MX,79.77,broken clouds,20.75,-105.3333,Royal Decameron Complex - Puerto Vallarta
379,Muisne,EC,75.58,overcast clouds,0.6,-80.0333,Quinta Samay
381,Lahad Datu,MY,76.53,overcast clouds,5.0268,118.327,The 27th House
382,Umm Lajj,SA,80.65,clear sky,25.0213,37.2685,Moon light Furnished Units
383,Trincomalee,LK,80.6,overcast clouds,8.5711,81.2335,Welcombe Hotel
385,Vaitape,PF,80.98,few clouds,-16.5167,-151.75,Conrad Bora Bora Nui
388,Dolores,AR,84.09,few clouds,-36.3132,-57.6792,Apart Hotel - Arianos
391,Lujan,AR,78.71,clear sky,-34.5703,-59.105,Hotel Biarritz
393,Salalah,OM,80.69,clear sky,17.0151,54.0924,"HAMDAN PLAZA HOTEL SALALAH, an HTG Hotel"
394,Tarakan,ID,80.83,broken clouds,3.3,117.6333,RedDoorz Syariah near Taman Berlabuh Tarakan
398,Kikwit,CD,75.49,light rain,-5.041,18.8162,HOTEL PLACE YALABA
400,Karratha,AU,85.6,clear sky,-20.7377,116.8463,ibis Styles Karratha
406,Bowen,AU,79.25,few clouds,-20.0167,148.2333,Castle Motor Lodge Motel
413,Bonthe,SL,85.68,light rain,7.5264,-12.505,Bonthe Holiday Village
417,Vung Tau,VN,76.35,overcast clouds,10.346,107.0843,Green hotel
426,Kimbe,PG,76.08,overcast clouds,-5.5502,150.1429,Kimbe Bay Hotel
427,Salinopolis,BR,86.02,scattered clouds,-0.6136,-47.3561,Salinas Park Resort Ma√ßarico AP101
435,Lorengau,PG,80.44,broken clouds,-2.0226,147.2712,Lorengau Harbourside Hotel
440,Gemena,CD,82.78,overcast clouds,3.25,19.7667,H√¥tel Goshen
450,Mumford,GH,82.98,broken clouds,5.2618,-0.759,Spanish Villa
456,Sola,VU,80.08,scattered clouds,-13.8833,167.55,Leumerus Bungalows
460,San Vicente,AR,85.91,few clouds,-26.6167,-54.1333,Complejo Tur√≠stico Farelluk
463,San Felipe,VE,85.57,broken clouds,10.3399,-68.7425,Posada Llovizna Rodr√≠guez
466,Kyaikto,MM,76.23,few clouds,17.3,97.0167,·Äî·ÄÆ·Äú·Ä¨ ·Äê·Ää·Ä∫·Ä∏·ÄÅ·Ä≠·ÄØ·ÄÅ·Äî·Ä∫·Ä∏
474,Kavieng,PG,82.26,broken clouds,-2.5744,150.7967,Nusa Island Retreat
475,Bilma,NE,86.4,clear sky,18.6853,12.9164,Expeditions T√©n√©re voyages
477,Praia,CV,82.94,scattered clouds,14.9215,-23.5087,LT Aparthotel
478,Menongue,AO,77.49,overcast clouds,-14.6585,17.691,Ritz Lauca
488,Falan,CO,79.75,broken clouds,5.1156,-74.9489,Finca Agrotur√≠stica VillaMAR√çA
489,Katherine,AU,82.72,broken clouds,-14.4667,132.2667,Pine Tree Motel
490,Caucasia,CO,83.93,broken clouds,7.9865,-75.1935,Hotel San Rafael
494,Passos,BR,82.44,scattered clouds,-20.7189,-46.6097,Hostel da Moda
496,Rio Cuarto,AR,83.97,scattered clouds,-33.1307,-64.3499,Grand Hotel R√≠o Cuarto
499,San Pedro,PH,79.83,few clouds,14.35,121.0167,Villa Veronica Resort Private Pool
501,Ilhabela,BR,81.1,clear sky,-23.7781,-45.3581,Ilha Flat Hotel
509,Daru,PG,79.93,overcast clouds,-9.0763,143.2092,Daru Lodge
510,Banda Aceh,ID,78.98,light rain,5.5577,95.3222,Sulthan Hotel International
512,Ouidah,BJ,84.02,scattered clouds,6.3631,2.0851,Djegba Hotel
514,Cabedelo,BR,88.47,broken clouds,-6.9811,-34.8339,Hotel Pigalle
519,Ambon,ID,81.27,overcast clouds,-3.6954,128.1814,Swiss-Belhotel Ambon
520,Sumbe,AO,78.69,light rain,-11.2061,13.8437,Hotel Ritz Sumbe
521,Guiratinga,BR,86.38,overcast clouds,-16.3494,-53.7583,Hotel Angra do Cerrado - Guiratinga MT
525,Jacqueville,CI,85.91,few clouds,5.2052,-4.4146,Hotel Le Martin Pecheur
527,Harper,LR,83.37,scattered clouds,4.375,-7.7169,Screensaver
533,Gambela,ET,82.33,scattered clouds,8.25,34.5833,Solomon Debebe Hotel
535,Ambanja,MG,77.68,moderate rain,-13.6833,48.45,Hotel Salama and Fast Food
540,Matara,LK,76.95,overcast clouds,5.9485,80.5353,Amaloh Boutique Resort
543,Vanimo,PG,77.83,overcast clouds,-2.6741,141.3028,Vahmoneh Lodge Vanimo
544,Lazaro Cardenas,MX,80.83,clear sky,17.9583,-102.2,quinta antigua
549,Rio Grande,BR,78.91,scattered clouds,-32.035,-52.0986,Hotel Atl√¢ntico Rio Grande
558,Sao Joao Da Barra,BR,78.89,overcast clouds,-21.6403,-41.0511,Pousada Porto De Canoas
561,Moron,AR,78.69,clear sky,-34.6534,-58.6198,Hotel Mor√≥n
562,Asyut,EG,75.0,clear sky,27.181,31.1837,Florence Hotel Assiut
564,Poum,NC,79.05,clear sky,-20.2333,164.0167,G√Æte kajeon
566,San Policarpo,PH,81.54,broken clouds,12.1791,125.5072,Agapita M. Nicart
570,Vallenar,CL,79.14,clear sky,-28.5708,-70.7581,Humacao Bed & Breakfast
572,Pasni,PK,78.6,clear sky,25.2631,63.471,Kashmiri Hotal
577,Santa Cruz,BO,86.05,broken clouds,-17.8,-63.1667,Aviador Hotel Boutique
578,Ilebo,CD,81.93,broken clouds,-4.3167,20.5833,H√¥tel BUMAK
581,Ipixuna,BR,89.55,scattered clouds,-1.7625,-48.8043,Casa da Oscarina
583,Nampula,MZ,78.75,few clouds,-15.1165,39.2666,BUTIK Hotel
585,Santa Maria,BR,78.96,overcast clouds,-29.6842,-53.8069,Hotel Morotin
587,Moerai,PF,77.29,broken clouds,-22.4333,-151.3333,Le Manotel
588,Jacareacanga,BR,82.42,overcast clouds,-6.2222,-57.7528,Casa do Ianüòé
591,Bathsheba,BB,86.61,scattered clouds,13.2167,-59.5167,Atlantis Hotel
599,Sassandra,CI,83.61,scattered clouds,4.95,-6.0833,la terrasse
605,Sao Felix Do Xingu,BR,81.81,broken clouds,-6.6447,-51.995,Rio Xingu Camping
609,Bull Savanna,JM,79.9,overcast clouds,17.8868,-77.5902,Big Red's
610,Sinnamary,GF,85.14,broken clouds,5.3833,-52.95,ALETHEIA Appartement Sinnamary
618,Dingle,PH,76.24,broken clouds,10.9995,122.6711,SEGAYA PROPERTY
620,Lamu,KE,82.62,light rain,-2.2717,40.902,Lamu House
623,Road Town,VG,86.09,scattered clouds,18.4167,-64.6167,"ZINGARA 76ft Catamaran, full crew-all included"
628,Fare,PF,81.01,light rain,-16.7,-151.0167,Maitai Lapita Village Huahine
630,Maragogi,BR,84.56,broken clouds,-9.0122,-35.2225,Salinas do Maragogi All Inclusive Resort
632,Keti Bandar,PK,76.8,broken clouds,24.1447,67.4497,Haji laloo memon house
634,Tahta,EG,75.9,few clouds,26.7693,31.5021,ŸÖÿµÿ∑ŸÅŸä ÿπÿ≥ÿßŸÅ
649,Kupang,ID,80.31,overcast clouds,-10.1667,123.5833,Hotel On The Rock by Prasanthi
655,Osmena,PH,82.67,overcast clouds,10.5208,119.9258,Arjemarkyza Lodge
657,Lufilufi,WS,81.1,light rain,-13.8745,-171.5986,Leuaina Beach Resort and Spa
660,Hobyo,SO,80.94,scattered clouds,5.3505,48.5268,Halane Hotel and Restaurent
661,Grand Gaube,MU,79.2,clear sky,-20.0064,57.6608,Veranda Paul et Virginie Hotel & Spa
669,Kalmunai,LK,79.74,moderate rain,7.4167,81.8167,VS Villa
670,Am Timan,TD,86.5,clear sky,11.0297,20.2827,Palais du chef Canton Salamt
678,Mana,GF,85.69,broken clouds,5.6592,-53.7767,LE SAMANA
682,Nizwa,OM,76.66,few clouds,22.9333,57.5333,Orient Apartments
693,Kloulklubed,PW,77.5,scattered clouds,7.0419,134.2556,Storyboard Beach Resort
694,Tabou,CI,83.37,scattered clouds,4.423,-7.3528,hot√™l doufoulougou
700,Caibarien,CU,78.12,scattered clouds,22.5206,-79.4669,La Nena
704,Atar,MR,86.45,broken clouds,20.5169,-13.0499,Oumou Elghoura
706,Luganville,VU,78.21,scattered clouds,-15.5333,167.1667,The Espiritu Hotel
716,Ibra,OM,76.26,clear sky,22.6906,58.5334,ŸÖÿ≤ÿ±ÿπÿ© ÿ±ÿßÿ≠ÿ© ÿßŸÑŸÜŸÅŸàÿ≥ ÿßŸÑŸÖŸÜÿ≤ŸÅÿ©
726,Taboc,PH,80.82,overcast clouds,8.8783,124.7975,P Farm and Beach
735,Marsa Matruh,EG,75.4,clear sky,31.3525,27.2453,Beau Site
738,Nicoya,CR,85.55,overcast clouds,10.1483,-85.452,Las Cabinas Del Sue√±o
742,Dhidhdhoo,MV,79.95,overcast clouds,6.8833,73.1,Dhidhoo beach
745,Kutoarjo,ID,76.1,overcast clouds,-7.7169,109.9128,Massagus Hotel
751,Timbiqui,CO,81.5,overcast clouds,2.7717,-77.6654,hotel diana
764,Ransang,PH,79.0,overcast clouds,8.9603,117.5828,Black and Crystal Sand Campsite
770,Kaohsiung,TW,75.15,light intensity drizzle,22.6163,120.3133,Âæ°ÂÆøÂïÜÊóÖ-‰∏≠Â±±È§®
771,Kasaragod,IN,81.66,overcast clouds,12.5,75.0,Thalathoor Heritage
777,Bani,DO,85.44,scattered clouds,18.2833,-70.3333,Hospedaje Henriquez
779,Antalaha,MG,77.72,scattered clouds,-14.9003,50.2788,Hotel Vitasoa
781,Tuy Hoa,VN,76.21,heavy intensity rain,13.0833,109.3,CenDeluxe Hotel Tuy Hoa
784,Tubli,PH,79.09,overcast clouds,13.9318,124.1478,Maui Beach
786,Martaban,MM,77.61,few clouds,16.5314,97.6111,Lu Wa Gyi Guest House
790,Alto Araguaia,BR,84.78,overcast clouds,-17.3147,-53.2153,Araguaia Palace Hotel
792,Barra Do Garcas,BR,89.8,broken clouds,-15.89,-52.2567,Hotel Pousada Tropical
798,Daloa,CI,88.02,broken clouds,6.8774,-6.4502,Imans Hotel Daloa
801,Cap Malheureux,MU,79.29,clear sky,-19.9842,57.6142,Pereybere Hotel & Spa
803,Roebourne,AU,85.6,clear sky,-20.7833,117.1333,Latitude20 Roebourne Village
804,Cordoba,AR,85.05,light rain,-31.4135,-64.1811,Hotel Sussex
807,Pimentel,PE,75.49,few clouds,-6.8367,-79.9342,Casona Del Muelle
808,Bambanglipuro,ID,77.34,light rain,-7.95,110.2833,Puri Brata
811,Bandundu,CD,82.06,scattered clouds,-3.3167,17.3667,Coja Color
814,Le Port,RE,78.76,light rain,-20.9373,55.2919,KORBEY D'OR OUEST
819,Mathathane,BW,78.62,clear sky,-22.2687,28.7495,Selepswe Resort
820,Isla Aguada,MX,78.84,overcast clouds,18.7833,-91.4667,Freedom Shores
825,Sur,OM,76.01,few clouds,22.5667,59.5289,Sur Plaza Hotel
826,Kovur,IN,76.8,heavy intensity rain,14.4833,79.9833,Hotel Yesh Park
829,Porto Novo,BJ,85.68,scattered clouds,6.4965,2.6036,Tour Eiffel Hotel Benin
834,La Asuncion,VE,87.53,broken clouds,11.0333,-63.8628,Colinas de Matasiete
839,Pandan,PH,79.41,overcast clouds,14.0453,124.1694,Bonifacio Lodge
841,Vila Do Maio,CV,83.19,clear sky,15.1333,-23.2167,Hotel Marilu
844,Muli,MV,82.31,overcast clouds,2.9167,73.5667,Medhufushi Island Resort
851,Puerto Escondido,MX,83.95,clear sky,15.85,-97.0667,Aldea del Bazar Hotel and Spa
854,Jalu,LY,75.43,scattered clouds,29.0331,21.5482,ÿµÿßÿ≠ÿ®ÿ© ÿßŸÑŸÅÿÆÿßŸÖÿ©
855,Labuhan,ID,78.89,light rain,-6.8844,112.2051,PT PPI Lamongan Tambak C
860,Oistins,BB,86.09,scattered clouds,13.0667,-59.5333,Butterfly Beach Hotel
864,Male,MV,82.35,broken clouds,4.1748,73.5089,Hotel Octave Maldives
878,Humaita,BR,85.19,overcast clouds,-7.5061,-63.0208,Corr√™a Hotel
881,Altamira,BR,89.69,broken clouds,-3.2033,-52.2064,Requinte Hotel
884,Eusebio Ayala,PY,85.42,clear sky,-25.4,-56.9667,Posada Barrere√±a
886,Kanniyakumari,IN,78.93,moderate rain,8.0833,77.5667,Sparsa
887,High Rock,BS,75.22,few clouds,26.6208,-78.2833,Hideaway Bahamas Beach Club
888,Vaghodia,IN,76.86,overcast clouds,22.3,73.3833,Reeca infrastructure Pvt ltd work
891,Tevaitoa,PF,80.65,light rain,-16.7833,-151.5,H√¥tel Raiatea Lodge
893,Porto Nacional,BR,89.6,few clouds,-10.7081,-48.4172,Vila Real Hotel
897,Kulhudhuffushi,MV,79.74,overcast clouds,6.6221,73.07,Haajy Guest House 1
904,Veraval,IN,77.65,clear sky,20.9,70.3667,Lords Inn Somnath
907,Marilia,BR,87.58,clear sky,-22.2139,-49.9458,Hotel Tenda
908,Bairiki,KI,82.4,broken clouds,1.3292,172.9752,Tarawa Boutique Hotel
909,Canutama,BR,83.41,overcast clouds,-6.5339,-64.3831,Hotel Jhennifer
918,Malakal,SS,87.13,few clouds,9.5334,31.6605,Nile Palace Hotel
921,Phatthalung,TH,76.48,overcast clouds,7.5,100.0833,Ozone Resort & Pool Villa
924,Riacho De Santana,BR,87.91,moderate rain,-13.6092,-42.9389,Apartamento de Kaio.
928,Yenagoa,NG,84.56,overcast clouds,4.9247,6.2642,Aridolf Resort Wellness and Spa
932,Roura,GF,87.71,scattered clouds,4.7263,-52.3274,Amazonie D√©couverte SARL
935,Tubuala,PA,82.51,overcast clouds,9.5167,-79.0333,R√≠o Nabagana
936,Batasan,PH,81.36,broken clouds,12.7667,120.7833,CORDERO Beach Resort
944,Mitsamiouli,KM,77.29,light rain,-11.3847,43.2844,Foyer ADM
951,Omboue,GA,80.53,light rain,-1.5746,9.2618,Hotel Olako
959,Tres Arroyos,AR,76.21,moderate rain,-38.3739,-60.2798,Habitacion Triple con ba√±o y entrada privada
960,Brokopondo,SR,86.63,broken clouds,4.75,-55.1667,Matu Island
961,Benguela,AO,78.48,few clouds,-12.5763,13.4055,Hotel Praia Morena
965,San Rafael,AR,77.74,light rain,-34.6177,-68.3301,Hotel San Rafael
969,Garissa,KE,86.04,overcast clouds,-0.4536,39.6401,Sharif Plaza Hotel
970,Sao Joao Da Ponte,BR,85.87,scattered clouds,-15.9292,-44.0078,Hotel da Cidade
975,Quelimane,MZ,78.75,scattered clouds,-17.8786,36.8883,Hotel Flamingo
977,Sarangani,PH,83.19,overcast clouds,5.4033,125.4636,Ballistic Islet
980,Les Cayes,HT,84.43,overcast clouds,18.2,-73.75,Villa Orphee
982,Batticaloa,LK,79.23,light rain,7.7102,81.6924,Grand Star Guest House
985,Cayenne,GF,87.84,scattered clouds,4.9333,-52.3333,H√¥tel Le Dronmi
989,Iralaya,HN,86.09,overcast clouds,15.0,-83.2333,Iglesia morava renovada
996,Vilhena,BR,79.02,scattered clouds,-12.7406,-60.1458,Hotel Mirage
998,Soyo,AO,77.05,light rain,-6.1349,12.3689,Hotel Mpampa
1002,Siparia,TT,78.66,overcast clouds,10.1333,-61.5,Brook Gardens
1003,The Valley,AI,85.86,scattered clouds,18.217,-63.0578,CeBlue Villas & Beach Resort
1007,Waddan,LY,77.79,broken clouds,29.1614,16.139,ŸÖÿ≠ŸÑ ÿßŸÑÿ¥ÿ±ŸäŸÅ ŸÖÿ≠ŸÖÿØ ÿßŸÑÿπÿßŸäÿ®
1008,Hoctun,MX,80.56,few clouds,20.8667,-89.2,Hacienda San Jose Poniente
1009,Pinhao,BR,79.18,scattered clouds,-25.6956,-51.6597,Pinh√£o Park Hotel
1016,Sucua,EC,84.94,light rain,-2.4667,-78.1667,Hotel Orellana
1018,Rock Sound,BS,75.34,broken clouds,24.9,-76.2,Rock Sound Club
1019,Baillif,GP,83.7,scattered clouds,16.0202,-61.7463,H√¥tel Saint-Georges
1023,Cartagena,CO,83.82,scattered clouds,10.3997,-75.5144,Hotel Colombia Real - Cartagena
1031,Kinshasa,CD,82.78,moderate rain,-4.3246,15.3215,Flat Hotel Alhdeef
1033,Yeppoon,AU,76.78,clear sky,-23.1333,150.7333,Villa Mar Colina
1036,Nhulunbuy,AU,79.41,scattered clouds,-12.2333,136.7667,East Arnhem Real Estate
1045,Acarau,BR,89.44,broken clouds,-2.8856,-40.12,castelo pizzaria
1052,Barahan,PH,79.99,broken clouds,13.0121,120.762,Grand Creek Hotel and Resort
1053,Bireun,ID,78.19,overcast clouds,5.203,96.7009,Rumah Bp.AR. ISMAIL
1054,Sao Sebastiao,BR,80.49,clear sky,-23.76,-45.4097,Hotel Recanto dos P√°ssaros
1058,Salvador,SV,79.2,overcast clouds,13.8333,-88.9167,Chico's Ranch
1059,Catuday,PH,78.69,overcast clouds,16.2923,119.8062,Benjie's Kubo & Cottages
1063,Tapes,BR,75.27,broken clouds,-30.6733,-51.3958,Cabanas Camping Union
1064,Dumai,ID,75.06,broken clouds,1.6833,101.45,Grand Zuri Dumai
1066,Puerto Colombia,CO,84.29,broken clouds,10.9878,-74.9547,Hotel El Emigrante
1068,Kerema,PG,78.91,overcast clouds,-7.9631,145.7785,Frena Lodge
1069,Abu Zabad,SD,83.03,clear sky,12.35,29.25,ÿ≠ÿßŸÖÿØ ŸÖÿ≠ŸÖÿØ ŸÜŸàÿ±
1077,Calderitas,MX,78.91,clear sky,18.55,-88.25,Hotel Hacienda Campestre
1078,Tomatlan,MX,83.71,broken clouds,19.9333,-105.25,El Salvial
1080,Ewo,CG,79.23,broken clouds,-0.8725,14.8206,Residence Elonda Ewo
1082,Pochutla,MX,87.21,clear sky,15.7432,-96.4661,Hotel Posada San Jose
1084,Alta Floresta,BR,87.03,broken clouds,-9.8756,-56.0861,Floresta Amazonica Hotel
1085,Yumbing,PH,81.34,overcast clouds,9.2393,124.6578,Medano Island Resort
1086,Buluang,PH,76.48,heavy intensity rain,13.3068,123.3425,Enon Beach Resort
1087,Chateaubelair,VC,86.61,scattered clouds,13.2833,-61.25,Richmond Vale Diving & Hiking Center
1090,Olinda,BR,87.53,few clouds,-8.0089,-34.8553,Hotel Albergue de Olinda
1092,Gibara,CU,83.52,scattered clouds,21.1097,-76.1317,Sol y Mar
1099,Bubaque,GW,83.82,clear sky,11.2833,-15.8333,"Casa Dora, Bubaque"
1110,Garowe,SO,79.56,light rain,8.4054,48.4845,Curubo Hotel
1112,San Andres,CO,81.93,overcast clouds,12.5847,-81.7006,Hotel Arena Blanca
1117,Biak,ID,77.56,overcast clouds,-0.9131,122.8766,Penginapan Kim
1118,Cozumel,MX,82.47,scattered clouds,20.5083,-86.9458,Cozumel Palace¬Æ All Inclusive Resort
1121,Lucea,JM,84.06,overcast clouds,18.451,-78.1736,Grand Palladium Jamaica Resort & Spa
1123,Pangai,TO,81.27,overcast clouds,-19.8,-174.35,Ha'apai Beach Resort
1124,Bhanvad,IN,76.77,clear sky,21.9264,69.7736,Mahalaxmi farshan
1131,Esna,EG,75.22,few clouds,25.2934,32.554,Orient Star Dahabyia Isna 05 Nights Each Sunday
1135,Baracoa,CU,80.91,scattered clouds,20.3467,-74.4958,Hostal Rio Miel
1142,Juba,SS,75.6,light rain,4.8517,31.5825,ROYAL PALACE HOTEL - JUBA
1149,Pemangkat,ID,79.21,overcast clouds,1.1667,108.9667,Ramah Kost KITA
1153,Sangmelima,CM,75.6,overcast clouds,2.9333,11.9833,gamestar hotel
1155,Abnub,EG,75.42,few clouds,27.2696,31.1511,Romany Adly Gad
1161,Tefe,BR,89.71,scattered clouds,-3.3542,-64.7114,Aracati Hotel
1164,Ugoofaaru,MV,81.12,overcast clouds,5.6667,73.0,Ungoofaaru Inn
1165,Ibiruba,BR,77.56,broken clouds,-28.6275,-53.0897,Hotel Pitangueira - O melhor servi√ßo pelo menor pre√ßo.
1169,Daule,EC,78.8,broken clouds,-1.865,-79.9792,Hospedaje viajero
1171,Santo Augusto,BR,76.46,broken clouds,-27.8508,-53.7772,Hotel Marco Polo
1172,Eldorado,BR,86.54,clear sky,-23.7869,-54.2836,Villa Verde Hotel
1173,Mattru,SL,88.07,scattered clouds,7.6244,-11.8332,"Mondkor Town, Bagbo Chiefdom, Bo District"
1175,Port Hedland,AU,82.45,clear sky,-20.3167,118.5667,The Esplanade Hotel
1177,Inongo,CD,77.74,light rain,-1.95,18.2667,Hotel Du Lac
1181,Kieta,PG,78.82,moderate rain,-6.2167,155.6333,Uruna Bay Retreat
1184,Bontang,ID,80.29,overcast clouds,0.1333,117.5,KOPKAR Hotel Bintang Sintuk
1187,Kariba,ZW,81.61,scattered clouds,-16.5167,28.8,Caribbea Bay Hotel
1188,Chopinzinho,BR,78.73,scattered clouds,-25.8558,-52.5233,Hotel Petisqueira
1195,Tual,ID,83.53,overcast clouds,-5.6667,132.75,Grand Vilia Hotel
1196,Kununurra,AU,80.58,broken clouds,-15.7667,128.7333,Hotel Kununurra
1202,Inirida,CO,88.0,broken clouds,3.8653,-67.9239,Fuente del Guania Hotel de Lujo
1205,Rivera,UY,75.78,overcast clouds,-30.9053,-55.5508,Hotel Casino & Resort Rivera
1220,Barranquilla,CO,83.98,scattered clouds,10.9639,-74.7964,Hotel Don Jorge
1228,Bima,ID,78.01,overcast clouds,-8.4667,118.7167,Lambitu Hotel
1229,Jati,PK,76.19,broken clouds,24.3539,68.2671,Cafe Lala Rehan Restaurant
1231,Champerico,GT,88.34,few clouds,14.3,-91.9167,"Hotel y restaurante ""El Diamante"""
1236,Tumbes,PE,75.15,overcast clouds,-3.5667,-80.4414,Wyndham Costa del Sol Tumbes
1238,Cardenas,CU,75.96,scattered clouds,23.0375,-81.2047,Casa JF 1906
1243,Kuah,MY,80.58,few clouds,6.3265,99.8432,Azio Hotel
1244,Noumea,NC,75.18,broken clouds,-22.2763,166.4572,H√¥tel Le Lagon
1247,Rivadavia,AR,75.67,broken clouds,-33.1905,-68.4608,Posada Del Fin Del Mundo
1248,Pagudpud,PH,77.79,overcast clouds,18.5616,120.7868,Saud Beach Resort and Hotel - 2
1254,Gorontalo,ID,76.06,overcast clouds,0.5412,123.0595,Maqna Hotel by Prasanthi
1261,Neuquen,AR,76.89,clear sky,-38.9516,-68.0591,Hotel del Comahue
1266,Bushehr,IR,75.29,clear sky,28.9684,50.8385,Yas Hotel
1270,Meiganga,CM,75.58,overcast clouds,6.5167,14.3,DFR HOUSE
1272,Galle,LK,77.18,overcast clouds,6.0367,80.217,Amangalla
1285,Makurdi,NG,89.26,broken clouds,7.7411,8.5121,Doo Palace Hotel
1287,Kilosa,TZ,80.89,overcast clouds,-6.8333,36.9833,New Bondeni Hotel
1292,Ejido,VE,79.56,broken clouds,8.5514,-71.2375,Bora Bora Nails & Spa C.A.
1295,Kathu,TH,78.62,overcast clouds,7.9178,98.3332,Novotel Phuket Resort
1299,Mapiripan,CO,86.59,scattered clouds,2.8892,-72.1256,Monserrate
1301,Pijijiapan,MX,88.83,scattered clouds,15.7011,-93.23,Hotel Rosita
1302,Auki,SB,76.53,overcast clouds,-8.7676,160.7034,Auki Motel
1303,Kalabo,ZM,75.42,overcast clouds,-14.97,22.6814,Sikakubete Guest House Kalabo Town Council
1310,Tautira,PF,78.82,scattered clouds,-17.7333,-149.15,Pension Oaoa
1311,Taganak,PH,80.74,broken clouds,6.0833,118.3,Taganak
1313,Palauig,PH,79.93,overcast clouds,15.435,119.9045,Alperi Botique Resort
1316,Sulangan,PH,82.44,overcast clouds,11.1373,123.7228,Maia's Beach Resort
1319,Kandrian,PG,76.95,broken clouds,-6.2167,149.55,Kandrian Station
1320,Miri,MY,77.14,scattered clouds,4.4148,114.0089,"Mega Hotel, Miri"
1323,Manila,PH,80.6,few clouds,14.6042,120.9822,Ramada by Wyndham Manila Central
1325,Tanete,ID,76.66,overcast clouds,-3.9443,119.7848,Wisma Tri Multi
1327,Porto Walter,BR,86.76,broken clouds,-8.2686,-72.7439,Secretaria de sa√∫de
1328,Luangwa,ZM,78.53,scattered clouds,-15.6167,30.4167,Gerasimos Safari Lodge
1330,Booue,GA,75.94,light rain,-0.0921,11.9385,Splendeur de l'√©quateur
1349,Banyo,CM,76.39,broken clouds,6.75,11.8167,Motel JOMBA
1357,Cepu,ID,75.47,light rain,-7.1475,111.5906,OYO 673 Hotel Cepu Indah 1
1372,Marataizes,BR,78.58,overcast clouds,-21.0433,-40.8244,Ed. Barra Shopping
1380,Nakhon Nayok,TH,76.98,overcast clouds,14.1667,101.1,‡∏´‡πâ‡∏≤‡∏á‡∏´‡∏∏‡πâ‡∏ô‡∏™‡πà‡∏ß‡∏ô‡∏à‡∏≥‡∏Å‡∏±‡∏î ‡πÄ‡∏≠‡∏™‡∏û‡∏µ‡∏£‡∏µ‡∏™‡∏≠‡∏£‡πå‡∏ó
1382,George Town,MY,80.55,thunderstorm,5.4112,100.3354,Cititel Penang
1388,Trairi,BR,88.32,scattered clouds,-3.2778,-39.2689,janelas do mar
1396,Ixtapa,MX,83.43,broken clouds,20.7,-105.2,Hotel Plaza Providencia
1403,Arlit,NE,86.25,scattered clouds,18.7369,7.3853,Case de Passage De la Prefecture
1405,Biltine,TD,82.74,clear sky,14.5333,20.9167,H√¥tel Trois √âtoiles de Biltine
1411,Cravo Norte,CO,88.41,broken clouds,6.3017,-70.2041,Hotel Potos√≠ Los Mirtos
1415,Lodwar,KE,88.0,few clouds,3.1191,35.5973,Solmar Gracious Hotel
1417,Corrente,BR,88.38,broken clouds,-3.7367,-43.3394,Chapadinhense Hotel
1420,Pedro Carbo,EC,78.28,broken clouds,-1.8333,-80.2333,Centro tur√≠stico y hoster√≠a oasis pedro carbo
1425,Diplo,PK,75.45,scattered clouds,24.4667,69.584,Mukhi Ahmed Ali Residency
1427,Hun,LY,78.26,broken clouds,29.1268,15.9477,Alrwasi Hotel
1429,Ovalle,CL,78.35,clear sky,-30.5983,-71.2003,Hotel Altos de Tuqui
1432,Parnamirim,BR,88.14,broken clouds,-5.9156,-35.2628,Pousada Joaci
1433,Bria,CF,77.16,overcast clouds,6.5423,21.9863,WFP Guesthouse
1438,Cacoal,BR,87.57,overcast clouds,-11.4386,-61.4472,Hotel BR 364
1439,Bongor,TD,86.54,few clouds,10.2806,15.3722,Oryx Palace
1443,Gouyave,GD,84.97,scattered clouds,12.1646,-61.7296,Rumboat Retreat
1450,Totolapan,MX,76.55,broken clouds,18.5167,-96.1833,Tepaxtli
1454,Bacolod,PH,78.82,broken clouds,10.6667,122.95,Planta Hotel & Residences
1457,Peto,MX,84.69,few clouds,20.1333,-88.9167,Hotel D'Rodi&Eve
1458,Imbituba,BR,80.49,broken clouds,-28.24,-48.6703,Praia Hotel Imbituba
1459,Sao Gabriel Da Cachoeira,BR,87.6,scattered clouds,-0.1303,-67.0892,Alarne - √Årea De Lazer Do Alto Rio Negro
1460,Eyl,SO,80.42,overcast clouds,7.9803,49.8164,Amiin Hotel
1464,Otacilio Costa,BR,75.09,scattered clouds,-27.4831,-50.1219,Hotel Daieli
1470,Maine-Soroa,NE,83.21,clear sky,13.2114,12.0241,Complexe
1476,La Romana,DO,86.36,few clouds,18.4273,-68.9728,Casa de Campo Resort and Villas
1479,Tzucacab,MX,84.49,few clouds,20.0667,-89.05,Hotel Jabines Centro
1480,Koubia,GN,88.3,broken clouds,11.5833,-11.9,H√¥tel Mbalou Koubia
1483,Brasilia,BR,83.32,light rain,-15.7797,-47.9297,Grand Mercure Brasilia Eixo Monumental
1485,Srivardhan,IN,77.76,broken clouds,18.0333,73.0167,Savli Resort/Hotel - Shrivardhan
1488,Progreso,MX,80.71,broken clouds,21.2833,-89.6667,Playa Linda Hotel
1498,Felipe Carrillo Puerto,MX,82.74,few clouds,19.5833,-88.05,Hotel La Ceiba
1509,Lakhtar,IN,77.07,clear sky,22.85,71.7833,Firdaus Society
1517,Kapoeta,SS,88.16,scattered clouds,4.7717,33.5903,Eastgate Hotel
1518,Cape Coast,GH,82.31,overcast clouds,5.1053,-1.2466,Samrit Hotel
1520,Acajutla,SV,88.14,scattered clouds,13.5928,-89.8275,asi es
1522,Loandjili,CG,77.11,light rain,-4.7561,11.8578,R√©sidence ARCHANGE
1526,Reconquista,AR,89.73,few clouds,-29.15,-59.65,Grand Hotel
1529,Boyolangu,ID,77.54,light rain,-8.1181,111.8935,Yos ega cv
1530,Lae,PG,75.54,overcast clouds,-6.7221,146.9847,Phils Hotel
1533,Mirador,BR,86.38,broken clouds,-6.3708,-44.3631,Pousada Restaurante e Pizzaria Povo
1534,Tandalti,SD,88.59,clear sky,13.0167,31.8667,ŸÖŸÜÿ≤ŸÑ : ÿßŸÑŸáÿßÿØŸä ŸÖÿ≠ŸÖÿØ ŸÖÿ≥ÿßÿπÿØ
1541,Luanda,AO,82.4,few clouds,-8.8368,13.2343,Hotel F√≥rum
1544,Basco,PH,76.86,overcast clouds,20.4487,121.9702,Nathaniel's Lodge
1548,Nachingwea,TZ,82.8,overcast clouds,-10.3833,38.7667,Makoga lodge
1549,Belize,BZ,80.92,broken clouds,17.25,-88.75,Villa San Juan
1557,Rajula,IN,77.32,broken clouds,21.05,71.4333,Lion Lords Inn Rajula
1561,Iaciara,BR,87.13,light rain,-14.0958,-46.6317,Hotel Matinha
1564,Madinat Sittah Uktubar,EG,76.6,clear sky,29.8167,31.05,Happy Kennel Academy
1567,Gurupi,BR,87.87,scattered clouds,-11.7292,-49.0686,Via Norte Hotel
1570,Salto,UY,80.76,broken clouds,-31.3833,-57.9667,Gran Hotel Uruguay
1575,Axim,GH,81.79,broken clouds,4.8699,-2.2405,Axim Beach Resort And Spa
1579,Sao Jose Dos Pinhais,BR,77.09,broken clouds,-25.5347,-49.2064,Mercure Curitiba Aeroporto Hotel
1580,Andros Town,BS,76.96,broken clouds,24.7,-77.7667,Hanks place
1581,Lisala,CD,75.7,broken clouds,2.15,21.5167,Flat h√¥tel tozelaka
1584,Moindou,NC,75.15,scattered clouds,-21.6924,165.677,Gite de la RYAWA
1586,Tuka,PH,76.17,overcast clouds,6.52,124.585,Fabale House
1597,Horana,LK,76.82,light rain,6.7166,80.0619,Pinidiya Holiday Resort
1601,Portel,BR,89.42,scattered clouds,-1.9356,-50.8211,Kitnet do Marcos
1606,Malindi,KE,82.56,scattered clouds,-3.2175,40.1191,African House Resort
1607,Basoko,CD,75.87,broken clouds,1.2391,23.616,Jackyna Hotel
1609,Kilindoni,TZ,81.73,broken clouds,-7.9139,39.6668,Bustani B&B
1610,Nueva Concepcion,GT,87.75,few clouds,14.2,-91.3,Hotel Villa Las Flores
1611,El Vigia,VE,84.52,overcast clouds,8.6219,-71.6506,Liceo Bolivariano 19 De Abril
1612,Moundou,TD,83.35,overcast clouds,8.5667,16.0833,Planete Life
1614,Bintulu,MY,77.41,scattered clouds,3.1667,113.0333,900 Boutique INN
1620,Kavali,IN,77.43,overcast clouds,14.9167,79.9833,Hotel Mourya Paradise
1622,Quatre Cocos,MU,78.91,few clouds,-20.2078,57.7625,Sunrise Attitude Hotel
1627,Santa Isabel,BR,83.91,clear sky,-23.3156,-46.2214,Ch√°cara Sombra do Alt√≠ssimo
1647,Petatlan,MX,85.23,clear sky,17.5167,-101.2667,Hotel California Petatl√°n
1648,Kondoa,TZ,77.31,overcast clouds,-4.9,35.7833,Kinyuma Lodge
1649,Chotila,IN,75.97,clear sky,22.4167,71.1833,Hotel Honest
1652,Kudahuvadhoo,MV,82.04,overcast clouds,2.6708,72.8944,Niyama Private Islands Maldives
1657,Mahajanga,MG,82.42,few clouds,-15.7167,46.3167,Restaurant Greedy Coco Lodge Majunga
1659,Florianopolis,BR,78.03,scattered clouds,-27.6146,-48.5012,Hotel Boutique Quinta das Videiras
1661,Salta,AR,84.49,few clouds,-24.7859,-65.4117,Hotel Alejandro I
1662,Gwadar,PK,76.05,clear sky,25.1216,62.3254,Sadaf Resort
1663,Xuddur,SO,76.15,overcast clouds,4.1213,43.8894,Banjanay Hotel
1668,Honiara,SB,77.79,overcast clouds,-9.4333,159.95,Heritage Park Hotel
1669,Barra,BR,86.29,scattered clouds,-11.0894,-43.1417,Motel Albatroz
1670,Parang,PH,75.49,overcast clouds,7.3704,124.2697,D' Vapors House
1672,Innisfail,AU,75.9,overcast clouds,-17.5333,146.0333,Moondarra Motel
1673,Jiwani,PK,76.71,clear sky,25.05,61.7417,Al Mumtaz Transport Jiwani
1684,Tierralta,CO,84.25,broken clouds,8.1736,-76.0592,Hotel La Marqueza
1685,Japura,ID,76.68,overcast clouds,-0.3167,102.35,Rumah mbah Jamah
1686,Pitimbu,BR,88.39,scattered clouds,-7.4706,-34.8086,Reserva do Abia√≠
1687,Nileshwar,IN,79.11,overcast clouds,12.25,75.1,Neeleshwar Hermitage
1688,Manavalakurichi,IN,78.89,overcast clouds,8.1333,77.3,Muttom beach west
1691,Belmonte,BR,82.9,broken clouds,-15.8631,-38.8828,Pousada Monte Carmelo O P√£o
1692,Pyapon,MM,75.92,clear sky,16.2833,95.6833,Aung Naing Thu Motel
1701,Aden,YE,81.57,clear sky,12.7794,45.0367,Sama Emirate Hotel
1708,Pombas,CV,78.58,broken clouds,17.1503,-25.0201,Paul Paradis
1710,Ilheus,BR,85.82,scattered clouds,-14.7889,-39.0494,Barravento Hotel
1717,Gamboma,CG,77.16,light rain,-1.8764,15.8644,Residence N'Keni
1720,Mangrol,IN,77.14,clear sky,21.1167,70.1167,Hotel The Royal Honours
1722,Abu Dhabi,AE,80.71,clear sky,24.4667,54.3667,Ramee Garden Hotel Apartments
1726,Robertsport,LR,83.26,scattered clouds,6.7533,-11.3686,Kwepunha Retreat
1730,Edea,CM,87.58,light rain,3.8,10.1333,Micotel Hotel
1738,Sabang,ID,82.04,light rain,5.8933,95.3214,Hotel Citra
1744,Ambilobe,MG,78.26,moderate rain,-13.2,49.05,H√¥tel & Restaurant DIANA Ambilobe
1747,Pedasi,PA,80.85,broken clouds,7.5333,-80.0333,Selina Pedasi
1751,Kota Kinabalu,MY,80.58,few clouds,5.9749,116.0724,Gaya Centre Hotel
1756,Ouesso,CG,79.99,scattered clouds,1.6136,16.0517,ABENIE Hotel
1760,Camocim,BR,88.86,overcast clouds,-2.9022,-40.8411,Ilha Praia Hotel
1761,Asuncion,PY,85.44,few clouds,-25.3007,-57.6359,"Crowne Plaza Asuncion, an IHG Hotel"
1763,Conde,BR,87.26,scattered clouds,-7.2597,-34.9075,Pousada Beija Flor
1768,Manzanillo,CU,82.11,scattered clouds,20.3433,-77.1167,"HOSTAL ""THE YELLOW HOUSE"""
1773,Moranbah,AU,75.06,clear sky,-22.0016,148.0466,Direct Hotels - Monterey Moranbah
1774,Mersing,MY,76.91,overcast clouds,2.4312,103.8405,Timotel Hotel
1777,Maningrida,AU,82.35,overcast clouds,-12.0667,134.2667,Dhukurrdji Lodge
1778,Sokoni,TZ,82.26,overcast clouds,-6.4333,39.55,Ujamaa Beach Resort
1780,Panaba,MX,83.41,scattered clouds,21.2833,-88.2667,Hotel California
1784,Malpe,IN,79.9,overcast clouds,13.35,74.7167,Hotel Sri Krishna Residency
1787,Torit,SS,81.27,broken clouds,4.4133,32.5678,Diplomat Guest House
1790,Neiafu,TO,77.68,light rain,-18.65,-173.9833,Mystic Sands Beachfront Accommodation
1794,Beberibe,BR,89.64,broken clouds,-4.1797,-38.1306,Villa Arte Pousada Morro Branco
1803,Mvomero,TZ,82.15,overcast clouds,-6.25,38.6667,Kisampa Bush Retreat
1804,Morondava,MG,78.3,clear sky,-20.2833,44.2833,La Case Bambou
1815,Cukai,MY,76.95,overcast clouds,4.25,103.4167,OYO 90038 Dalyla Inn Chalet
1818,Mahibadhoo,MV,79.36,overcast clouds,3.7833,72.9667,Omadhoo Inn
1828,Saint-Georges,GD,85.68,scattered clouds,12.0564,-61.7485,Radisson Grenada Beach Resort
1829,Tucuman,AR,89.6,clear sky,-26.8241,-65.2226,Dallas Hotel Tucuman
1830,Mocorito,MX,77.68,overcast clouds,25.4833,-107.9167,Casa de Don Eustaquio
1831,Senanga,ZM,78.91,broken clouds,-16.1167,23.2667,Zango lodge
1832,Boca Do Acre,BR,88.72,overcast clouds,-8.7522,-67.3978,Hotel Sao Pedro
1833,Denpasar,ID,80.26,scattered clouds,-8.65,115.2167,ASTON Denpasar Hotel & Convention Center
1837,Barinas,VE,85.69,scattered clouds,8.6226,-70.2075,Hotel Mastranto Suite
1842,Lopez Jaena,PH,79.12,overcast clouds,10.8492,123.4278,Niel coronico
1843,Hwange,ZW,81.09,clear sky,-18.3693,26.5019,Hwange Colliery Guest House
1846,Carmo Do Rio Claro,BR,82.45,scattered clouds,-20.9719,-46.1189,Varandas da Montanha Hotel
1850,Wajir,KE,75.16,clear sky,1.7471,40.0573,Al-bustan Hotel And Restaurant.
1858,Carupano,VE,84.4,broken clouds,10.6678,-63.2585,Hotel La dorada
1859,Cabo Rojo,PR,84.63,scattered clouds,18.0866,-67.1457,Hotel Perichi's
1861,Jacmel,HT,85.84,overcast clouds,18.2342,-72.5347,Historic Hotel Florita
1868,Agnibilekrou,CI,84.34,overcast clouds,7.1344,-3.2047,"J'AIME ATTOBRO, (Mon Village)"
1873,Palora,EC,84.18,scattered clouds,-1.7,-77.9333,Rancho grande
1880,Manokwari,ID,78.93,overcast clouds,-0.8667,134.0833,Swiss Belhotel Manokwari
1885,La Orilla,MX,83.82,scattered clouds,17.9833,-102.2333,Baymont by Wyndham Lazaro Cardenas
1898,Jizan,SA,85.14,clear sky,17.3333,42.6667,ÿ¥ŸáÿØÿßŸÜ. ÿßÿ®ŸàÿßŸÑÿ≠ÿ¨ÿ±
1901,San Fernando,PH,80.62,scattered clouds,15.0286,120.6898,Maharlika Hostel
1902,Sunyani,GH,83.17,overcast clouds,7.3399,-2.3268,Nass Lodge
1903,Canavieiras,BR,82.36,broken clouds,-15.675,-38.9472,Bahiadomizil
1905,Sao Miguel Do Araguaia,BR,87.71,broken clouds,-13.275,-50.1628,Hotel Executivo Palace
1911,Agustin Codazzi,CO,86.9,overcast clouds,10.0341,-73.2361,Hotel perija
1916,Mazagao,BR,87.85,few clouds,-0.115,-51.2894,Recanto dos Ferreiras
1919,Pointe Michel,DM,86.94,broken clouds,15.25,-61.3833,Castle Comfort Lodge Dive Dominica
1926,Afua,BR,85.51,few clouds,-0.1567,-50.3867,Hotel Dias
1928,Metro,ID,75.33,heavy intensity rain,-5.1131,105.3067,OYO 3177 Wisma Lintang
1931,Safaga,EG,75.15,clear sky,26.7292,33.9365,Lamar Resort Abu Soma
1933,Chake Chake,TZ,80.17,overcast clouds,-5.2459,39.7666,Hotel Archipelago
1935,Miracema Do Tocantins,BR,87.08,scattered clouds,-9.5618,-48.3967,Miami Apart Hotel
1941,Katobu,ID,75.96,overcast clouds,-4.9408,122.5276,La Ode Husein
1942,Tiarei,PF,78.82,scattered clouds,-17.5333,-149.3333,Le Rocher de Tahiti
1944,Ngaoundere,CM,75.27,overcast clouds,7.3167,13.5833,Hotel Mentong Palace
1946,Monte Azul,BR,84.02,light rain,-15.155,-42.8747,Hotel Delfino
1947,Tsiroanomandidy,MG,76.64,overcast clouds,-18.7667,46.0333,Hotel du Bongolave
1948,Kismayo,SO,80.28,light rain,-0.3582,42.5454,Agan-Hotel
1951,Singkang,MY,78.69,overcast clouds,2.1006,102.7994,Kampung Seri Makmor Pagoh
1953,Jibuti,DJ,76.73,clear sky,11.5,42.5,Orchid Main Camp Goubet
1958,Coari,BR,88.05,overcast clouds,-4.085,-63.1414,HOTEL ALEX FLAT
1965,Domoni,KM,79.5,light rain,-12.2569,44.5319,Al Djadid
1966,Riohacha,CO,84.61,overcast clouds,11.5444,-72.9072,Hotel Taroa
1977,Itarema,BR,88.56,scattered clouds,-2.9248,-39.9167,"Sea Lounge! Bar, Club & Restaurant"
1979,Barra Velha,BR,84.09,scattered clouds,-26.6322,-48.6847,Vila Alaide Praia Hotel
1983,Nieuw Amsterdam,SR,87.96,scattered clouds,5.8833,-55.0833,Hotel Stardust
1986,Villa Carlos Paz,AR,81.68,broken clouds,-31.4241,-64.4978,Monte Carlo
1987,Bitung,ID,76.05,light rain,1.4451,125.1824,K2 Lembeh
1988,Qui Nhon,VN,76.66,overcast clouds,13.7667,109.2333,Hoang Yen Canary Hotel
1999,Black River,JM,84.2,overcast clouds,18.0264,-77.8487,Idlers' Rest Beach Hotel
2003,Hurghada,EG,75.24,clear sky,27.2574,33.8129,Sea Star Beau Rivage Hotel
2009,Cagsiay,PH,79.25,broken clouds,14.2167,121.75,"Sitio Maligaya, Barangay Cagsiay I"
2013,Itupiranga,BR,84.52,broken clouds,-5.1347,-49.3267,Hotel Panorama
2014,Ranot,TH,78.66,overcast clouds,7.7777,100.3213,Pakbanglake resort ‡∏õ‡∏≤‡∏Å‡∏ö‡∏≤‡∏á‡πÄ‡∏•‡∏Ñ ‡∏£‡∏µ‡∏™‡∏≠‡∏£‡πå‡∏ó
2016,Pirai Do Sul,BR,81.61,clear sky,-24.5261,-49.9486,Victor Hotel
2021,Tibati,CM,80.76,scattered clouds,6.4667,12.6333,Tibati Hotel
2023,Gondanglegi,ID,76.89,overcast clouds,-7.7479,112.0132,pondok pesantren mamba'ul 'ulum selo rejo
2025,Tsabong,BW,86.23,clear sky,-26.0217,22.401,Springbok Motel
2029,Santo Antonio Do Sudoeste,BR,86.2,few clouds,-26.0736,-53.7253,Hotel Frontera
2035,Kochi,IN,76.98,overcast clouds,9.9399,76.2602,Hotel Abad
2039,Antsohihy,MG,79.02,light rain,-14.8796,47.9875,Hotel de Ville
2043,Santa Maria Da Vitoria,BR,85.48,heavy intensity rain,-13.3947,-44.1886,Pousada Rio Current
2044,Pontian Kecil,MY,79.12,overcast clouds,1.4801,103.3899,SUNFLOWER EXPRESS HOTEL
2049,Kuching,MY,75.42,scattered clouds,1.55,110.3333,The Ranee Boutique Suites
2050,Vazante,BR,82.8,overcast clouds,-17.9869,-46.9078,Hotel Pousada e Restaurante
2051,Hukuntsi,BW,88.0,overcast clouds,-24.0,21.75,Entabeni Hotel
2054,Santa Isabel Do Rio Negro,BR,78.49,moderate rain,-0.4139,-65.0192,Hotel GSA
2068,Nha Trang,VN,75.2,overcast clouds,12.25,109.1833,Sheraton Nha Trang Hotel & Spa
2080,Guamal,CO,85.69,broken clouds,9.1433,-74.2238,HOSTAL VILLA CASTA
2083,Micoud,LC,82.18,overcast clouds,13.8167,-60.9,Zamac√†
2087,Sharjah,AE,78.91,clear sky,25.3573,55.4033,Swiss Belhotel Sharjah
2089,Candolim,IN,80.6,few clouds,15.5181,73.7626,Resort Terra Paraiso
2098,Ampere,BR,84.06,scattered clouds,-25.915,-53.4728,Hotel
2099,Santa Fe,AR,89.37,broken clouds,-31.6333,-60.7,Conquistador Hotel
2100,Kaduqli,SD,87.69,scattered clouds,11.0167,29.7167,ŸÅŸÜÿØŸÇ ÿßŸÑŸÑŸá ÿ¨ÿßÿ®Ÿà
2103,Doha,QA,80.58,clear sky,25.2867,51.5333,Movenpick Hotel Doha
2104,Candelaria,PH,75.97,overcast clouds,13.9311,121.4233,Casa de Provincia
2106,Gweta,BW,89.37,broken clouds,-20.1833,25.2333,Gweta Lodge
2114,Borba,BR,85.1,overcast clouds,-4.3878,-59.5939,Hotel da Amaz√¥nia
2119,Katakwi,UG,78.06,overcast clouds,1.8911,33.9661,Ebenezer Guest House
